[{"model": "wagtailimages.rendition", "pk": 1, "fields": {"filter_spec": "max-165x165", "file": "images/14639794_10157639373930521_51880188043048722.max-165x165_g6a4r2s.jpg", "width": 165, "height": 92, "focal_point_key": "", "image": 1}}, {"model": "wagtailimages.rendition", "pk": 2, "fields": {"filter_spec": "max-165x165", "file": "images/profile_pic_uQF8aEK.max-165x165.jpg", "width": 165, "height": 165, "focal_point_key": "", "image": 2}}, {"model": "wagtailimages.rendition", "pk": 3, "fields": {"filter_spec": "original", "file": "images/profile_pic_uQF8aEK.original.jpg", "width": 280, "height": 280, "focal_point_key": "", "image": 2}}, {"model": "wagtailimages.rendition", "pk": 4, "fields": {"filter_spec": "max-800x600", "file": "images/profile_pic_uQF8aEK.max-800x600.jpg", "width": 280, "height": 280, "focal_point_key": "", "image": 2}}, {"model": "wagtailimages.rendition", "pk": 5, "fields": {"filter_spec": "max-165x165", "file": "images/Screen_Shot_2018-06-10_at_14.36.58_1.max-165x165.png", "width": 165, "height": 89, "focal_point_key": "", "image": 3}}, {"model": "wagtailimages.rendition", "pk": 6, "fields": {"filter_spec": "original", "file": "images/14639794_10157639373930521_5188018804304872271_.original.jpg", "width": 960, "height": 540, "focal_point_key": "", "image": 1}}, {"model": "wagtailimages.rendition", "pk": 7, "fields": {"filter_spec": "max-800x600", "file": "images/14639794_10157639373930521_51880188043048722.max-800x600.jpg", "width": 800, "height": 450, "focal_point_key": "", "image": 1}}, {"model": "wagtailimages.rendition", "pk": 8, "fields": {"filter_spec": "max-165x165", "file": "images/32687027_10160311154335521_97798776151867392.max-165x165.jpg", "width": 165, "height": 123, "focal_point_key": "", "image": 4}}, {"model": "wagtailimages.rendition", "pk": 9, "fields": {"filter_spec": "max-165x165", "file": "images/digital_garage.max-165x165.png", "width": 165, "height": 89, "focal_point_key": "", "image": 5}}, {"model": "wagtailimages.rendition", "pk": 10, "fields": {"filter_spec": "max-165x165", "file": "images/olympic_channel.max-165x165.png", "width": 165, "height": 89, "focal_point_key": "", "image": 6}}, {"model": "wagtailimages.rendition", "pk": 11, "fields": {"filter_spec": "max-165x165", "file": "images/noel_wilson_2017.max-165x165.png", "width": 165, "height": 89, "focal_point_key": "", "image": 7}}, {"model": "wagtailimages.rendition", "pk": 12, "fields": {"filter_spec": "max-165x165", "file": "images/networkx.max-165x165.png", "width": 165, "height": 123, "focal_point_key": "", "image": 8}}, {"model": "wagtailimages.rendition", "pk": 13, "fields": {"filter_spec": "max-165x165", "file": "images/real_time_chat.max-165x165.png", "width": 165, "height": 83, "focal_point_key": "", "image": 9}}, {"model": "wagtailimages.rendition", "pk": 14, "fields": {"filter_spec": "max-165x165", "file": "images/weather_app.max-165x165.png", "width": 165, "height": 83, "focal_point_key": "", "image": 10}}, {"model": "wagtailimages.rendition", "pk": 15, "fields": {"filter_spec": "max-165x165", "file": "images/ray_tracer.max-165x165.jpg", "width": 165, "height": 123, "focal_point_key": "", "image": 11}}, {"model": "wagtailimages.rendition", "pk": 16, "fields": {"filter_spec": "max-165x165", "file": "images/Screen_Shot_2018-06-16_at_00.05.08.max-165x165.png", "width": 165, "height": 92, "focal_point_key": "", "image": 12}}, {"model": "wagtailcore.site", "pk": 2, "fields": {"hostname": "localhost", "port": 8000, "site_name": "dev", "root_page": 3, "is_default_site": true}}, {"model": "wagtailcore.collection", "pk": 1, "fields": {"path": "0001", "depth": 1, "numchild": 0, "name": "Root"}}, {"model": "contenttypes.contenttype", "pk": 1, "fields": {"app_label": "wagtailcore", "model": "page"}}, {"model": "contenttypes.contenttype", "pk": 2, "fields": {"app_label": "wagtailimages", "model": "image"}}, {"model": "contenttypes.contenttype", "pk": 3, "fields": {"app_label": "wagtailadmin", "model": "admin"}}, {"model": "contenttypes.contenttype", "pk": 4, "fields": {"app_label": "wagtaildocs", "model": "document"}}, {"model": "contenttypes.contenttype", "pk": 5, "fields": {"app_label": "wagtailforms", "model": "formsubmission"}}, {"model": "contenttypes.contenttype", "pk": 6, "fields": {"app_label": "wagtailredirects", "model": "redirect"}}, {"model": "contenttypes.contenttype", "pk": 7, "fields": {"app_label": "wagtailembeds", "model": "embed"}}, {"model": "contenttypes.contenttype", "pk": 8, "fields": {"app_label": "wagtailusers", "model": "userprofile"}}, {"model": "contenttypes.contenttype", "pk": 9, "fields": {"app_label": "wagtailimages", "model": "rendition"}}, {"model": "contenttypes.contenttype", "pk": 10, "fields": {"app_label": "wagtailsearch", "model": "query"}}, {"model": "contenttypes.contenttype", "pk": 11, "fields": {"app_label": "wagtailsearch", "model": "querydailyhits"}}, {"model": "contenttypes.contenttype", "pk": 12, "fields": {"app_label": "wagtailcore", "model": "grouppagepermission"}}, {"model": "contenttypes.contenttype", "pk": 13, "fields": {"app_label": "wagtailcore", "model": "pagerevision"}}, {"model": "contenttypes.contenttype", "pk": 14, "fields": {"app_label": "wagtailcore", "model": "pageviewrestriction"}}, {"model": "contenttypes.contenttype", "pk": 15, "fields": {"app_label": "wagtailcore", "model": "site"}}, {"model": "contenttypes.contenttype", "pk": 16, "fields": {"app_label": "wagtailcore", "model": "collection"}}, {"model": "contenttypes.contenttype", "pk": 17, "fields": {"app_label": "wagtailcore", "model": "groupcollectionpermission"}}, {"model": "contenttypes.contenttype", "pk": 18, "fields": {"app_label": "wagtailcore", "model": "collectionviewrestriction"}}, {"model": "contenttypes.contenttype", "pk": 19, "fields": {"app_label": "taggit", "model": "tag"}}, {"model": "contenttypes.contenttype", "pk": 20, "fields": {"app_label": "taggit", "model": "taggeditem"}}, {"model": "contenttypes.contenttype", "pk": 21, "fields": {"app_label": "admin", "model": "logentry"}}, {"model": "contenttypes.contenttype", "pk": 22, "fields": {"app_label": "auth", "model": "permission"}}, {"model": "contenttypes.contenttype", "pk": 23, "fields": {"app_label": "auth", "model": "group"}}, {"model": "contenttypes.contenttype", "pk": 24, "fields": {"app_label": "auth", "model": "user"}}, {"model": "contenttypes.contenttype", "pk": 25, "fields": {"app_label": "contenttypes", "model": "contenttype"}}, {"model": "contenttypes.contenttype", "pk": 26, "fields": {"app_label": "sessions", "model": "session"}}, {"model": "contenttypes.contenttype", "pk": 27, "fields": {"app_label": "cms", "model": "basemodule"}}, {"model": "contenttypes.contenttype", "pk": 28, "fields": {"app_label": "cms", "model": "cta"}}, {"model": "contenttypes.contenttype", "pk": 29, "fields": {"app_label": "cms", "model": "header"}}, {"model": "contenttypes.contenttype", "pk": 30, "fields": {"app_label": "cms", "model": "modulecontainer"}}, {"model": "contenttypes.contenttype", "pk": 31, "fields": {"app_label": "cms", "model": "modulepage"}}, {"model": "contenttypes.contenttype", "pk": 32, "fields": {"app_label": "cms", "model": "banner"}}, {"model": "contenttypes.contenttype", "pk": 33, "fields": {"app_label": "cms", "model": "heroimage"}}, {"model": "contenttypes.contenttype", "pk": 34, "fields": {"app_label": "cms", "model": "about"}}, {"model": "contenttypes.contenttype", "pk": 35, "fields": {"app_label": "cms", "model": "contactme"}}, {"model": "contenttypes.contenttype", "pk": 36, "fields": {"app_label": "cms", "model": "portfolio"}}, {"model": "contenttypes.contenttype", "pk": 37, "fields": {"app_label": "cms", "model": "portfolioitem"}}, {"model": "contenttypes.contenttype", "pk": 38, "fields": {"app_label": "cms", "model": "footer"}}, {"model": "contenttypes.contenttype", "pk": 39, "fields": {"app_label": "cms", "model": "wrapimage"}}, {"model": "contenttypes.contenttype", "pk": 40, "fields": {"app_label": "cms", "model": "paragraph"}}, {"model": "sessions.session", "pk": "vinnhwa6hzhfqqb4l6jnm66vw36utlf3", "fields": {"session_data": "MjZiNjQ5MDE2ZTY5NTc1NGQyMThiYjM2NGMyNTRkOTUzMDVhN2NlMjp7Il9hdXRoX3VzZXJfaWQiOiIxIiwiX2F1dGhfdXNlcl9iYWNrZW5kIjoiZGphbmdvLmNvbnRyaWIuYXV0aC5iYWNrZW5kcy5Nb2RlbEJhY2tlbmQiLCJfYXV0aF91c2VyX2hhc2giOiIwMDc5ODliZDFlMTU5OWM5ODk3NzM5MGRhOGFmNWU0YTdlYmUxNGY2Iiwid2FndGFpbC1wcmV2aWV3LTYiOlsiY3NyZm1pZGRsZXdhcmV0b2tlbj04cnRkYUJZZVI3cTdXZlRSeG45NmFRaGZYUUdqMUlYdnR5MU93WG1Cc0xJb3RzN1p5TGNHUlRlajlhOVVKdDk1Jm5leHQ9JnRpdGxlPURpZ2l0YWwrR2FyYWdlJmhlYWRlcj0xJmZvb3Rlcj0xJm1vZHVsZXMtVE9UQUxfRk9STVM9MSZtb2R1bGVzLUlOSVRJQUxfRk9STVM9MSZtb2R1bGVzLU1JTl9OVU1fRk9STVM9MCZtb2R1bGVzLU1BWF9OVU1fRk9STVM9MTAwMCZtb2R1bGVzLTAtbmFtZT1EaWdpdGFsK0dhcmFnZSZtb2R1bGVzLTAtbW9kdWxlPTM4Jm1vZHVsZXMtMC1pZD0zOSZtb2R1bGVzLTAtT1JERVI9MSZtb2R1bGVzLTAtREVMRVRFPSZzbHVnPWRpZ2l0YWwtZ2FyYWdlJnNlb190aXRsZT0mc2VhcmNoX2Rlc2NyaXB0aW9uPSZnb19saXZlX2F0PSZleHBpcmVfYXQ9IiwxNTI4OTc1ODI4LjIzNzMyNjZdfQ==", "expire_date": "2018-06-28T11:30:28.263Z"}}, {"model": "cms.basemodule", "pk": 1, "fields": {"polymorphic_ctype": ["cms", "heroimage"], "title": "Intro"}}, {"model": "cms.basemodule", "pk": 2, "fields": {"polymorphic_ctype": ["cms", "portfolio"], "title": "Projects"}}, {"model": "cms.basemodule", "pk": 3, "fields": {"polymorphic_ctype": ["cms", "about"], "title": "About Me"}}, {"model": "cms.basemodule", "pk": 4, "fields": {"polymorphic_ctype": ["cms", "contactme"], "title": "Contact Me"}}, {"model": "cms.basemodule", "pk": 5, "fields": {"polymorphic_ctype": ["cms", "wrapimage"], "title": "Safari Mixer"}}, {"model": "cms.basemodule", "pk": 38, "fields": {"polymorphic_ctype": ["cms", "wrapimage"], "title": "Digital Garage"}}, {"model": "cms.basemodule", "pk": 39, "fields": {"polymorphic_ctype": ["cms", "wrapimage"], "title": "Olympic Channel"}}, {"model": "cms.basemodule", "pk": 40, "fields": {"polymorphic_ctype": ["cms", "wrapimage"], "title": "Angular + tornado site"}}, {"model": "cms.basemodule", "pk": 41, "fields": {"polymorphic_ctype": ["cms", "wrapimage"], "title": "Kill the Marvel universe"}}, {"model": "cms.basemodule", "pk": 42, "fields": {"polymorphic_ctype": ["cms", "wrapimage"], "title": "Real Time Chatroom"}}, {"model": "cms.basemodule", "pk": 43, "fields": {"polymorphic_ctype": ["cms", "wrapimage"], "title": "Ray Tracing Renderer"}}, {"model": "cms.basemodule", "pk": 44, "fields": {"polymorphic_ctype": ["cms", "wrapimage"], "title": "VFX - Film"}}, {"model": "cms.about", "pk": 3, "fields": {"text_1": "I specialise in Python / Javascript - Django ,Flask backends with ReactJs, Redux Front ends, I also have experience with Node.js, and AngularJs. I've recently been working a lot with google home and Alexa bots to make various chat bots.", "text_2": "My background was building pipelines in VFX using python and various Databases both SQL and NOSQL and UIs in 3D applications. In my spare time I experiment with new technologies such as Data Science and Machine learning and do Gymnastics and acrobatics with my friends and partner.", "cv_link": "https://drive.google.com/open?id=1eDsiHyaz5e5czs0_twHBlIc0Vzu_Zjnt"}}, {"model": "cms.contactme", "pk": 4, "fields": {"text": "Contact Me"}}, {"model": "cms.heroimage", "pk": 1, "fields": {"text": "Web Development - Machine Learning - Data Science - Gymnastics", "image": 4}}, {"model": "cms.modulecontainer", "pk": 1, "fields": {"sort_order": 0, "page": 3, "name": "Intro", "module": 1}}, {"model": "cms.modulecontainer", "pk": 2, "fields": {"sort_order": 0, "page": 4, "name": "Intro", "module": 1}}, {"model": "cms.modulecontainer", "pk": 3, "fields": {"sort_order": 1, "page": 3, "name": "Portfolio", "module": 2}}, {"model": "cms.modulecontainer", "pk": 4, "fields": {"sort_order": 2, "page": 3, "name": "About Me", "module": 3}}, {"model": "cms.modulecontainer", "pk": 5, "fields": {"sort_order": 3, "page": 3, "name": "Contact Me", "module": 4}}, {"model": "cms.modulecontainer", "pk": 6, "fields": {"sort_order": 0, "page": 5, "name": "Safari Mixer", "module": 5}}, {"model": "cms.modulecontainer", "pk": 39, "fields": {"sort_order": 0, "page": 6, "name": "Digital Garage", "module": 38}}, {"model": "cms.modulecontainer", "pk": 40, "fields": {"sort_order": 0, "page": 7, "name": "Olympic Channel", "module": 39}}, {"model": "cms.modulecontainer", "pk": 41, "fields": {"sort_order": 0, "page": 8, "name": "Kill the Marvel universe", "module": 41}}, {"model": "cms.modulecontainer", "pk": 42, "fields": {"sort_order": 0, "page": 9, "name": "Real Time Chat", "module": 42}}, {"model": "cms.modulecontainer", "pk": 43, "fields": {"sort_order": 0, "page": 10, "name": "VFX", "module": 44}}, {"model": "cms.portfolio", "pk": 2, "fields": {"text": "This is my portfollio"}}, {"model": "cms.portfolioitem", "pk": 1, "fields": {"sort_order": 0, "portfolio": 2, "text": "Safari Mixer - A Google voice experiment", "image": 3, "link": 5}}, {"model": "cms.portfolioitem", "pk": 2, "fields": {"sort_order": 1, "portfolio": 2, "text": "Digital Garage - learning platform for Google", "image": 5, "link": 6}}, {"model": "cms.portfolioitem", "pk": 3, "fields": {"sort_order": 2, "portfolio": 2, "text": "Olympic Channel - Video streaming service", "image": 6, "link": 7}}, {"model": "cms.portfolioitem", "pk": 4, "fields": {"sort_order": 3, "portfolio": 2, "text": "Kill the Marvel universe - Data Science project", "image": 8, "link": 8}}, {"model": "cms.portfolioitem", "pk": 5, "fields": {"sort_order": 4, "portfolio": 2, "text": "Real Time Chat - A node.js chat room server", "image": 9, "link": 9}}, {"model": "cms.portfolioitem", "pk": 6, "fields": {"sort_order": 5, "portfolio": 2, "text": "VFX", "image": 12, "link": 10}}, {"model": "cms.wrapimage", "pk": 40, "fields": {"text": "My old website built in AngularJs and Python Tornado.", "image": 7, "link": "https://github.com/jwnwilson/angularjs_tornado_webapp"}}, {"model": "cms.wrapimage", "pk": 38, "fields": {"text": "Lorem ipsum dolor sit amet, consectetur adipiscing elit. Proin convallis a sem at egestas. Vivamus in mauris auctor arcu rutrum fermentum at at mauris. Donec malesuada ornare ullamcorper. Donec urna magna, semper semper tempus eu, pretium non lectus. Suspendisse nec pharetra nisi. Ut tincidunt consequat nulla at fermentum. Nullam efficitur augue dui, vel imperdiet metus luctus a. Nunc maximus elit eu posuere dictum. Fusce in mollis magna. Sed elementum ligula in venenatis tincidunt. Ut sit amet aliquet enim, ut euismod nulla. Proin finibus elit id dui vestibulum, ut porta nunc egestas. Sed convallis leo mi, id vehicula tortor faucibus nec. Vivamus aliquam semper porttitor. Pellentesque habitant morbi tristique senectus et netus et malesuada fames ac turpis egestas. Fusce maximus suscipit condimentum.\r\n\r\nNunc vulputate sit amet ipsum sit amet viverra. Morbi quis viverra nisi. Nunc mattis, nisi in elementum molestie, orci mauris consequat felis, et vestibulum risus ante sit amet velit. Etiam eget fermentum neque. Donec ac nisi id risus lobortis mattis quis ut nisl. Fusce sit amet nunc risus. Pellentesque vitae sem eu enim fringilla consequat vel ut nunc. Donec ac accumsan nisl. Sed auctor, sapien a consectetur auctor, ante lectus semper tortor, ac varius nisl ligula quis nisl. Donec fermentum malesuada nibh vel sagittis. Vestibulum vestibulum tempor lacus vitae euismod. Donec iaculis mollis nunc nec efficitur. Vestibulum porttitor libero et risus porttitor suscipit.\r\n\r\nPhasellus sapien quam, porta pretium hendrerit ut, mollis id nisi. Aliquam sagittis nibh id facilisis pulvinar. Ut pulvinar nisl eget velit ultrices, quis ultricies nibh volutpat. Integer finibus justo sit amet eros tincidunt commodo. Curabitur neque enim, placerat sed tempor ac, porttitor vel ipsum. Sed augue enim, ultrices congue arcu commodo, fringilla maximus arcu. Sed hendrerit hendrerit ultrices.\r\n\r\nSed a turpis tempor, consequat turpis non, luctus tellus. Ut ut vestibulum lacus. Fusce tincidunt massa id nibh tristique malesuada in non arcu. Praesent ornare fringilla eleifend. Sed mollis nibh id lectus elementum, quis tristique risus congue. Integer tristique nisi at interdum placerat. Pellentesque hendrerit felis ligula, eget scelerisque dolor tincidunt sit amet. Nunc condimentum, eros nec congue euismod, sapien lorem pharetra purus, eget venenatis lorem nisi in sem.", "image": 5, "link": "https://learndigital.withgoogle.com/digitalgarage"}}, {"model": "cms.wrapimage", "pk": 41, "fields": {"text": "A Machine Learning exercise to work out the best way to kill every character in the Marvel universe by building a social network of all the characters and pick the most influential characters to infect with a contagious disease.", "image": 8, "link": null}}, {"model": "cms.wrapimage", "pk": 39, "fields": {"text": "Lorem ipsum dolor sit amet, consectetur adipiscing elit. Maecenas fringilla ultricies sem, a luctus est accumsan quis. Etiam tristique rutrum vulputate. Proin sit amet nisl sapien. Curabitur interdum volutpat est sed ultrices. Mauris tincidunt efficitur est in viverra. Curabitur quis mollis tellus, faucibus lacinia tortor. Pellentesque malesuada elit convallis gravida fringilla. Nunc posuere non tortor sit amet faucibus. Curabitur vel imperdiet dolor.\r\n\r\nMaecenas elementum massa mauris, a vehicula quam vehicula sit amet. Quisque blandit eget elit eu placerat. Cras eget sem tristique, lacinia eros vitae, aliquam massa. Donec mi lacus, porta vitae dictum ac, faucibus nec nunc. Integer efficitur nunc eu nisi luctus, at ullamcorper ante interdum. Ut hendrerit fringilla massa, et imperdiet mi rutrum id. Suspendisse pellentesque nunc eget elementum luctus. Sed ut congue nisi, at consectetur augue. Donec fringilla libero a lectus tempor, vel dignissim augue mollis.\r\n\r\nAliquam mollis est at varius suscipit. Maecenas in rutrum ligula. Quisque a porttitor turpis. Cras euismod, purus eget mollis semper, tortor diam commodo augue, eget pharetra nisi nibh ut ligula. Integer at est congue mi luctus fringilla. Aliquam erat volutpat. In interdum orci et dui efficitur, nec tincidunt augue convallis. Nullam accumsan, magna a placerat ornare, elit odio commodo nisi, id ornare tellus sem ut nisi. Sed et ex nulla. Aliquam posuere, augue quis congue ornare, leo erat viverra dolor, non porttitor purus massa sit amet massa. Aliquam erat volutpat. Nam facilisis, arcu quis mollis ullamcorper, ante ex congue tortor, at mollis lectus sem eget urna. Nunc scelerisque odio neque, laoreet tincidunt metus sodales non. Aliquam sagittis tincidunt fringilla.\r\n\r\nDonec mollis felis ac risus elementum consectetur. Donec sed arcu varius mi cursus varius. Duis vel ex sem. Sed mattis sed lorem vitae tincidunt. Sed arcu libero, vulputate eleifend mattis at, ornare vitae orci. Maecenas et est mauris. Donec tempus lacus arcu. Vestibulum pharetra sem pharetra sodales fermentum. Maecenas faucibus tortor ut aliquam aliquet. Etiam enim tortor, elementum nec massa vel, eleifend tempor lorem. Nulla suscipit mollis erat quis tincidunt.\r\n\r\nNam eu pretium magna. Aliquam pharetra magna in ipsum lacinia pellentesque. Curabitur cursus mattis odio, non porttitor massa pretium ac. Morbi et mauris euismod, scelerisque metus finibus, ornare justo. Fusce eget commodo orci. Donec tellus ipsum, suscipit quis nisl ac, scelerisque finibus dui. Etiam fringilla felis vel enim pharetra, eget condimentum mi maximus. Nunc pharetra, libero a consectetur convallis, nisl nunc congue neque, non placerat odio urna quis augue. Pellentesque eget commodo nisi, at volutpat ipsum. Donec interdum, erat ut porttitor suscipit, velit ligula semper risus, quis consequat felis justo in sapien. Ut gravida quam vitae eleifend lacinia.", "image": 6, "link": "https://www.olympicchannel.com/en/"}}, {"model": "cms.wrapimage", "pk": 43, "fields": {"text": "A multi-threaded ray tracing renderer built in C++", "image": 11, "link": "https://github.com/jwnwilson/nw_render"}}, {"model": "cms.wrapimage", "pk": 42, "fields": {"text": "A node.js chat room build to learn websockets so I could build a simple chat room server.", "image": 9, "link": "https://real-time-chat-nw.herokuapp.com/"}}, {"model": "cms.wrapimage", "pk": 5, "fields": {"text": "Lorem ipsum dolor sit amet, consectetur adipiscing elit. Aenean non neque nec dui fringilla accumsan eu sed mi. Suspendisse bibendum diam sit amet gravida efficitur. Nunc tristique orci sit amet quam commodo, non faucibus nunc congue. In malesuada nisl eu felis dictum bibendum. Pellentesque habitant morbi tristique senectus et netus et malesuada fames ac turpis egestas. Nullam non placerat ipsum. Pellentesque sit amet lobortis lectus. Nam blandit elementum ullamcorper. Maecenas sagittis sed nulla at malesuada.\r\n\r\nSuspendisse potenti. Ut gravida sapien a ante tincidunt, quis tincidunt massa placerat. In et dui a risus sodales finibus. Nullam id ultricies sem. Vestibulum efficitur est nisi, at venenatis dolor sagittis sit amet. Suspendisse potenti. Morbi dapibus pellentesque tortor, ac posuere neque maximus ac. Cras sit amet diam lacus. Nunc tincidunt est ac leo vestibulum, sed sodales felis eleifend. Aenean at enim vestibulum, commodo augue bibendum, rhoncus nibh. Duis venenatis, nunc vel mattis mattis, leo elit laoreet eros, nec sollicitudin massa diam eu orci. Donec ligula elit, blandit at risus a, vehicula feugiat nisl.\r\n\r\nQuisque consequat lobortis nisl quis commodo. Pellentesque sed metus sapien. Nam turpis quam, laoreet et semper ut, bibendum sed enim. Praesent bibendum scelerisque purus id finibus. Maecenas id porta leo, et dapibus ipsum. Donec id ipsum lacus. Mauris sapien nisl, viverra et euismod sed, ornare quis mauris. Praesent sagittis ipsum diam, a faucibus nunc eleifend ut. Aenean tempor et nulla vitae scelerisque. Sed tristique sapien vel erat viverra aliquet ac eu lectus. Morbi laoreet est lectus, eget iaculis est posuere ac. Aliquam sit amet lectus ante. Cras facilisis arcu quis purus hendrerit, a porttitor sem scelerisque.\r\n\r\nNam in est leo. Maecenas finibus finibus tellus, et efficitur massa malesuada vitae. Vestibulum vel tincidunt mauris, porta fermentum urna. Suspendisse ultrices hendrerit quam in accumsan. Aenean rhoncus hendrerit diam. In vulputate elit nec finibus rutrum. Ut finibus massa velit, sit amet vestibulum leo rutrum non. Etiam ante felis, volutpat sit amet elit ac, cursus faucibus nisl. Nulla mattis libero ut dignissim feugiat. Pellentesque sit amet velit varius turpis porta hendrerit a a ligula. Duis hendrerit diam vel ligula convallis blandit. Maecenas in ullamcorper ligula, quis porta elit. Fusce lectus dolor, posuere in fermentum sit amet, fermentum sed orci. Aenean ut vehicula libero.", "image": 3, "link": "https://safarimixer.beta.rehab/"}}, {"model": "cms.wrapimage", "pk": 44, "fields": {"text": "An overview of my career in VFX.", "image": 12, "link": null}}, {"model": "cms.paragraph", "pk": 1, "fields": {"sort_order": 0, "portfolio": 44, "text": "VFX Technical artist show reel containing:", "image": null, "youtube_link": "https://www.youtube.com/watch?v=r8ZGKYdUpEA"}}, {"model": "cms.header", "pk": 1, "fields": {"title": "Noel Wilson"}}, {"model": "cms.header", "pk": 2, "fields": {"title": "Noel Wilson"}}, {"model": "cms.cta", "pk": 1, "fields": {"sort_order": 0, "header": 1, "link": null, "text": "Portfolio", "selector": "portfolio"}}, {"model": "cms.cta", "pk": 2, "fields": {"sort_order": 1, "header": 1, "link": null, "text": "About", "selector": "about"}}, {"model": "cms.cta", "pk": 3, "fields": {"sort_order": 2, "header": 1, "link": null, "text": "Contact", "selector": "contact"}}, {"model": "cms.cta", "pk": 4, "fields": {"sort_order": 0, "header": 2, "link": 3, "text": "Home", "selector": ""}}, {"model": "cms.footer", "pk": 1, "fields": {"title": "Footer", "address": "Essex / London", "text": "I'm a Full Stack Developer with some VFX experience currently working in London I'm interested in web development, machine learning and data science!", "google_link": "https://plus.google.com/u/1/101394970627570656675", "github_link": "https://github.com/jwnwilson", "instagram_link": "https://www.instagram.com/noelwilsonlon", "linkedin_link": "https://www.linkedin.com/in/noel-wilson-0a194225"}}, {"model": "auth.permission", "pk": 1, "fields": {"name": "Can add image", "content_type": ["wagtailimages", "image"], "codename": "add_image"}}, {"model": "auth.permission", "pk": 2, "fields": {"name": "Can change image", "content_type": ["wagtailimages", "image"], "codename": "change_image"}}, {"model": "auth.permission", "pk": 3, "fields": {"name": "Can delete image", "content_type": ["wagtailimages", "image"], "codename": "delete_image"}}, {"model": "auth.permission", "pk": 4, "fields": {"name": "Can access Wagtail admin", "content_type": ["wagtailadmin", "admin"], "codename": "access_admin"}}, {"model": "auth.permission", "pk": 5, "fields": {"name": "Can add document", "content_type": ["wagtaildocs", "document"], "codename": "add_document"}}, {"model": "auth.permission", "pk": 6, "fields": {"name": "Can change document", "content_type": ["wagtaildocs", "document"], "codename": "change_document"}}, {"model": "auth.permission", "pk": 7, "fields": {"name": "Can delete document", "content_type": ["wagtaildocs", "document"], "codename": "delete_document"}}, {"model": "auth.permission", "pk": 8, "fields": {"name": "Can add form submission", "content_type": ["wagtailforms", "formsubmission"], "codename": "add_formsubmission"}}, {"model": "auth.permission", "pk": 9, "fields": {"name": "Can change form submission", "content_type": ["wagtailforms", "formsubmission"], "codename": "change_formsubmission"}}, {"model": "auth.permission", "pk": 10, "fields": {"name": "Can delete form submission", "content_type": ["wagtailforms", "formsubmission"], "codename": "delete_formsubmission"}}, {"model": "auth.permission", "pk": 11, "fields": {"name": "Can add redirect", "content_type": ["wagtailredirects", "redirect"], "codename": "add_redirect"}}, {"model": "auth.permission", "pk": 12, "fields": {"name": "Can change redirect", "content_type": ["wagtailredirects", "redirect"], "codename": "change_redirect"}}, {"model": "auth.permission", "pk": 13, "fields": {"name": "Can delete redirect", "content_type": ["wagtailredirects", "redirect"], "codename": "delete_redirect"}}, {"model": "auth.permission", "pk": 14, "fields": {"name": "Can add embed", "content_type": ["wagtailembeds", "embed"], "codename": "add_embed"}}, {"model": "auth.permission", "pk": 15, "fields": {"name": "Can change embed", "content_type": ["wagtailembeds", "embed"], "codename": "change_embed"}}, {"model": "auth.permission", "pk": 16, "fields": {"name": "Can delete embed", "content_type": ["wagtailembeds", "embed"], "codename": "delete_embed"}}, {"model": "auth.permission", "pk": 17, "fields": {"name": "Can add user profile", "content_type": ["wagtailusers", "userprofile"], "codename": "add_userprofile"}}, {"model": "auth.permission", "pk": 18, "fields": {"name": "Can change user profile", "content_type": ["wagtailusers", "userprofile"], "codename": "change_userprofile"}}, {"model": "auth.permission", "pk": 19, "fields": {"name": "Can delete user profile", "content_type": ["wagtailusers", "userprofile"], "codename": "delete_userprofile"}}, {"model": "auth.permission", "pk": 20, "fields": {"name": "Can add rendition", "content_type": ["wagtailimages", "rendition"], "codename": "add_rendition"}}, {"model": "auth.permission", "pk": 21, "fields": {"name": "Can change rendition", "content_type": ["wagtailimages", "rendition"], "codename": "change_rendition"}}, {"model": "auth.permission", "pk": 22, "fields": {"name": "Can delete rendition", "content_type": ["wagtailimages", "rendition"], "codename": "delete_rendition"}}, {"model": "auth.permission", "pk": 23, "fields": {"name": "Can add query", "content_type": ["wagtailsearch", "query"], "codename": "add_query"}}, {"model": "auth.permission", "pk": 24, "fields": {"name": "Can change query", "content_type": ["wagtailsearch", "query"], "codename": "change_query"}}, {"model": "auth.permission", "pk": 25, "fields": {"name": "Can delete query", "content_type": ["wagtailsearch", "query"], "codename": "delete_query"}}, {"model": "auth.permission", "pk": 26, "fields": {"name": "Can add Query Daily Hits", "content_type": ["wagtailsearch", "querydailyhits"], "codename": "add_querydailyhits"}}, {"model": "auth.permission", "pk": 27, "fields": {"name": "Can change Query Daily Hits", "content_type": ["wagtailsearch", "querydailyhits"], "codename": "change_querydailyhits"}}, {"model": "auth.permission", "pk": 28, "fields": {"name": "Can delete Query Daily Hits", "content_type": ["wagtailsearch", "querydailyhits"], "codename": "delete_querydailyhits"}}, {"model": "auth.permission", "pk": 29, "fields": {"name": "Can add page", "content_type": ["wagtailcore", "page"], "codename": "add_page"}}, {"model": "auth.permission", "pk": 30, "fields": {"name": "Can change page", "content_type": ["wagtailcore", "page"], "codename": "change_page"}}, {"model": "auth.permission", "pk": 31, "fields": {"name": "Can delete page", "content_type": ["wagtailcore", "page"], "codename": "delete_page"}}, {"model": "auth.permission", "pk": 32, "fields": {"name": "Can add group page permission", "content_type": ["wagtailcore", "grouppagepermission"], "codename": "add_grouppagepermission"}}, {"model": "auth.permission", "pk": 33, "fields": {"name": "Can change group page permission", "content_type": ["wagtailcore", "grouppagepermission"], "codename": "change_grouppagepermission"}}, {"model": "auth.permission", "pk": 34, "fields": {"name": "Can delete group page permission", "content_type": ["wagtailcore", "grouppagepermission"], "codename": "delete_grouppagepermission"}}, {"model": "auth.permission", "pk": 35, "fields": {"name": "Can add page revision", "content_type": ["wagtailcore", "pagerevision"], "codename": "add_pagerevision"}}, {"model": "auth.permission", "pk": 36, "fields": {"name": "Can change page revision", "content_type": ["wagtailcore", "pagerevision"], "codename": "change_pagerevision"}}, {"model": "auth.permission", "pk": 37, "fields": {"name": "Can delete page revision", "content_type": ["wagtailcore", "pagerevision"], "codename": "delete_pagerevision"}}, {"model": "auth.permission", "pk": 38, "fields": {"name": "Can add page view restriction", "content_type": ["wagtailcore", "pageviewrestriction"], "codename": "add_pageviewrestriction"}}, {"model": "auth.permission", "pk": 39, "fields": {"name": "Can change page view restriction", "content_type": ["wagtailcore", "pageviewrestriction"], "codename": "change_pageviewrestriction"}}, {"model": "auth.permission", "pk": 40, "fields": {"name": "Can delete page view restriction", "content_type": ["wagtailcore", "pageviewrestriction"], "codename": "delete_pageviewrestriction"}}, {"model": "auth.permission", "pk": 41, "fields": {"name": "Can add site", "content_type": ["wagtailcore", "site"], "codename": "add_site"}}, {"model": "auth.permission", "pk": 42, "fields": {"name": "Can change site", "content_type": ["wagtailcore", "site"], "codename": "change_site"}}, {"model": "auth.permission", "pk": 43, "fields": {"name": "Can delete site", "content_type": ["wagtailcore", "site"], "codename": "delete_site"}}, {"model": "auth.permission", "pk": 44, "fields": {"name": "Can add collection", "content_type": ["wagtailcore", "collection"], "codename": "add_collection"}}, {"model": "auth.permission", "pk": 45, "fields": {"name": "Can change collection", "content_type": ["wagtailcore", "collection"], "codename": "change_collection"}}, {"model": "auth.permission", "pk": 46, "fields": {"name": "Can delete collection", "content_type": ["wagtailcore", "collection"], "codename": "delete_collection"}}, {"model": "auth.permission", "pk": 47, "fields": {"name": "Can add group collection permission", "content_type": ["wagtailcore", "groupcollectionpermission"], "codename": "add_groupcollectionpermission"}}, {"model": "auth.permission", "pk": 48, "fields": {"name": "Can change group collection permission", "content_type": ["wagtailcore", "groupcollectionpermission"], "codename": "change_groupcollectionpermission"}}, {"model": "auth.permission", "pk": 49, "fields": {"name": "Can delete group collection permission", "content_type": ["wagtailcore", "groupcollectionpermission"], "codename": "delete_groupcollectionpermission"}}, {"model": "auth.permission", "pk": 50, "fields": {"name": "Can add collection view restriction", "content_type": ["wagtailcore", "collectionviewrestriction"], "codename": "add_collectionviewrestriction"}}, {"model": "auth.permission", "pk": 51, "fields": {"name": "Can change collection view restriction", "content_type": ["wagtailcore", "collectionviewrestriction"], "codename": "change_collectionviewrestriction"}}, {"model": "auth.permission", "pk": 52, "fields": {"name": "Can delete collection view restriction", "content_type": ["wagtailcore", "collectionviewrestriction"], "codename": "delete_collectionviewrestriction"}}, {"model": "auth.permission", "pk": 53, "fields": {"name": "Can add Tag", "content_type": ["taggit", "tag"], "codename": "add_tag"}}, {"model": "auth.permission", "pk": 54, "fields": {"name": "Can change Tag", "content_type": ["taggit", "tag"], "codename": "change_tag"}}, {"model": "auth.permission", "pk": 55, "fields": {"name": "Can delete Tag", "content_type": ["taggit", "tag"], "codename": "delete_tag"}}, {"model": "auth.permission", "pk": 56, "fields": {"name": "Can add Tagged Item", "content_type": ["taggit", "taggeditem"], "codename": "add_taggeditem"}}, {"model": "auth.permission", "pk": 57, "fields": {"name": "Can change Tagged Item", "content_type": ["taggit", "taggeditem"], "codename": "change_taggeditem"}}, {"model": "auth.permission", "pk": 58, "fields": {"name": "Can delete Tagged Item", "content_type": ["taggit", "taggeditem"], "codename": "delete_taggeditem"}}, {"model": "auth.permission", "pk": 59, "fields": {"name": "Can add log entry", "content_type": ["admin", "logentry"], "codename": "add_logentry"}}, {"model": "auth.permission", "pk": 60, "fields": {"name": "Can change log entry", "content_type": ["admin", "logentry"], "codename": "change_logentry"}}, {"model": "auth.permission", "pk": 61, "fields": {"name": "Can delete log entry", "content_type": ["admin", "logentry"], "codename": "delete_logentry"}}, {"model": "auth.permission", "pk": 62, "fields": {"name": "Can add permission", "content_type": ["auth", "permission"], "codename": "add_permission"}}, {"model": "auth.permission", "pk": 63, "fields": {"name": "Can change permission", "content_type": ["auth", "permission"], "codename": "change_permission"}}, {"model": "auth.permission", "pk": 64, "fields": {"name": "Can delete permission", "content_type": ["auth", "permission"], "codename": "delete_permission"}}, {"model": "auth.permission", "pk": 65, "fields": {"name": "Can add group", "content_type": ["auth", "group"], "codename": "add_group"}}, {"model": "auth.permission", "pk": 66, "fields": {"name": "Can change group", "content_type": ["auth", "group"], "codename": "change_group"}}, {"model": "auth.permission", "pk": 67, "fields": {"name": "Can delete group", "content_type": ["auth", "group"], "codename": "delete_group"}}, {"model": "auth.permission", "pk": 68, "fields": {"name": "Can add user", "content_type": ["auth", "user"], "codename": "add_user"}}, {"model": "auth.permission", "pk": 69, "fields": {"name": "Can change user", "content_type": ["auth", "user"], "codename": "change_user"}}, {"model": "auth.permission", "pk": 70, "fields": {"name": "Can delete user", "content_type": ["auth", "user"], "codename": "delete_user"}}, {"model": "auth.permission", "pk": 71, "fields": {"name": "Can add content type", "content_type": ["contenttypes", "contenttype"], "codename": "add_contenttype"}}, {"model": "auth.permission", "pk": 72, "fields": {"name": "Can change content type", "content_type": ["contenttypes", "contenttype"], "codename": "change_contenttype"}}, {"model": "auth.permission", "pk": 73, "fields": {"name": "Can delete content type", "content_type": ["contenttypes", "contenttype"], "codename": "delete_contenttype"}}, {"model": "auth.permission", "pk": 74, "fields": {"name": "Can add session", "content_type": ["sessions", "session"], "codename": "add_session"}}, {"model": "auth.permission", "pk": 75, "fields": {"name": "Can change session", "content_type": ["sessions", "session"], "codename": "change_session"}}, {"model": "auth.permission", "pk": 76, "fields": {"name": "Can delete session", "content_type": ["sessions", "session"], "codename": "delete_session"}}, {"model": "auth.permission", "pk": 77, "fields": {"name": "Can add Module", "content_type": ["cms", "basemodule"], "codename": "add_basemodule"}}, {"model": "auth.permission", "pk": 78, "fields": {"name": "Can change Module", "content_type": ["cms", "basemodule"], "codename": "change_basemodule"}}, {"model": "auth.permission", "pk": 79, "fields": {"name": "Can delete Module", "content_type": ["cms", "basemodule"], "codename": "delete_basemodule"}}, {"model": "auth.permission", "pk": 80, "fields": {"name": "Can add Nav Item", "content_type": ["cms", "cta"], "codename": "add_cta"}}, {"model": "auth.permission", "pk": 81, "fields": {"name": "Can change Nav Item", "content_type": ["cms", "cta"], "codename": "change_cta"}}, {"model": "auth.permission", "pk": 82, "fields": {"name": "Can delete Nav Item", "content_type": ["cms", "cta"], "codename": "delete_cta"}}, {"model": "auth.permission", "pk": 83, "fields": {"name": "Can add header", "content_type": ["cms", "header"], "codename": "add_header"}}, {"model": "auth.permission", "pk": 84, "fields": {"name": "Can change header", "content_type": ["cms", "header"], "codename": "change_header"}}, {"model": "auth.permission", "pk": 85, "fields": {"name": "Can delete header", "content_type": ["cms", "header"], "codename": "delete_header"}}, {"model": "auth.permission", "pk": 86, "fields": {"name": "Can add module container", "content_type": ["cms", "modulecontainer"], "codename": "add_modulecontainer"}}, {"model": "auth.permission", "pk": 87, "fields": {"name": "Can change module container", "content_type": ["cms", "modulecontainer"], "codename": "change_modulecontainer"}}, {"model": "auth.permission", "pk": 88, "fields": {"name": "Can delete module container", "content_type": ["cms", "modulecontainer"], "codename": "delete_modulecontainer"}}, {"model": "auth.permission", "pk": 89, "fields": {"name": "Can add module page", "content_type": ["cms", "modulepage"], "codename": "add_modulepage"}}, {"model": "auth.permission", "pk": 90, "fields": {"name": "Can change module page", "content_type": ["cms", "modulepage"], "codename": "change_modulepage"}}, {"model": "auth.permission", "pk": 91, "fields": {"name": "Can delete module page", "content_type": ["cms", "modulepage"], "codename": "delete_modulepage"}}, {"model": "auth.permission", "pk": 92, "fields": {"name": "Can add banner", "content_type": ["cms", "banner"], "codename": "add_banner"}}, {"model": "auth.permission", "pk": 93, "fields": {"name": "Can change banner", "content_type": ["cms", "banner"], "codename": "change_banner"}}, {"model": "auth.permission", "pk": 94, "fields": {"name": "Can delete banner", "content_type": ["cms", "banner"], "codename": "delete_banner"}}, {"model": "auth.permission", "pk": 95, "fields": {"name": "Can add hero image", "content_type": ["cms", "heroimage"], "codename": "add_heroimage"}}, {"model": "auth.permission", "pk": 96, "fields": {"name": "Can change hero image", "content_type": ["cms", "heroimage"], "codename": "change_heroimage"}}, {"model": "auth.permission", "pk": 97, "fields": {"name": "Can delete hero image", "content_type": ["cms", "heroimage"], "codename": "delete_heroimage"}}, {"model": "auth.permission", "pk": 98, "fields": {"name": "Can add about", "content_type": ["cms", "about"], "codename": "add_about"}}, {"model": "auth.permission", "pk": 99, "fields": {"name": "Can change about", "content_type": ["cms", "about"], "codename": "change_about"}}, {"model": "auth.permission", "pk": 100, "fields": {"name": "Can delete about", "content_type": ["cms", "about"], "codename": "delete_about"}}, {"model": "auth.permission", "pk": 101, "fields": {"name": "Can add contact me", "content_type": ["cms", "contactme"], "codename": "add_contactme"}}, {"model": "auth.permission", "pk": 102, "fields": {"name": "Can change contact me", "content_type": ["cms", "contactme"], "codename": "change_contactme"}}, {"model": "auth.permission", "pk": 103, "fields": {"name": "Can delete contact me", "content_type": ["cms", "contactme"], "codename": "delete_contactme"}}, {"model": "auth.permission", "pk": 104, "fields": {"name": "Can add portfolio", "content_type": ["cms", "portfolio"], "codename": "add_portfolio"}}, {"model": "auth.permission", "pk": 105, "fields": {"name": "Can change portfolio", "content_type": ["cms", "portfolio"], "codename": "change_portfolio"}}, {"model": "auth.permission", "pk": 106, "fields": {"name": "Can delete portfolio", "content_type": ["cms", "portfolio"], "codename": "delete_portfolio"}}, {"model": "auth.permission", "pk": 107, "fields": {"name": "Can add Portfolio Item", "content_type": ["cms", "portfolioitem"], "codename": "add_portfolioitem"}}, {"model": "auth.permission", "pk": 108, "fields": {"name": "Can change Portfolio Item", "content_type": ["cms", "portfolioitem"], "codename": "change_portfolioitem"}}, {"model": "auth.permission", "pk": 109, "fields": {"name": "Can delete Portfolio Item", "content_type": ["cms", "portfolioitem"], "codename": "delete_portfolioitem"}}, {"model": "auth.permission", "pk": 110, "fields": {"name": "Can add footer", "content_type": ["cms", "footer"], "codename": "add_footer"}}, {"model": "auth.permission", "pk": 111, "fields": {"name": "Can change footer", "content_type": ["cms", "footer"], "codename": "change_footer"}}, {"model": "auth.permission", "pk": 112, "fields": {"name": "Can delete footer", "content_type": ["cms", "footer"], "codename": "delete_footer"}}, {"model": "auth.permission", "pk": 113, "fields": {"name": "Can add wrap image", "content_type": ["cms", "wrapimage"], "codename": "add_wrapimage"}}, {"model": "auth.permission", "pk": 114, "fields": {"name": "Can change wrap image", "content_type": ["cms", "wrapimage"], "codename": "change_wrapimage"}}, {"model": "auth.permission", "pk": 115, "fields": {"name": "Can delete wrap image", "content_type": ["cms", "wrapimage"], "codename": "delete_wrapimage"}}, {"model": "auth.permission", "pk": 116, "fields": {"name": "Can add paragraph", "content_type": ["cms", "paragraph"], "codename": "add_paragraph"}}, {"model": "auth.permission", "pk": 117, "fields": {"name": "Can change paragraph", "content_type": ["cms", "paragraph"], "codename": "change_paragraph"}}, {"model": "auth.permission", "pk": 118, "fields": {"name": "Can delete paragraph", "content_type": ["cms", "paragraph"], "codename": "delete_paragraph"}}, {"model": "auth.group", "pk": 1, "fields": {"name": "Moderators", "permissions": [["access_admin", "wagtailadmin", "admin"], ["add_document", "wagtaildocs", "document"], ["change_document", "wagtaildocs", "document"], ["delete_document", "wagtaildocs", "document"], ["add_image", "wagtailimages", "image"], ["change_image", "wagtailimages", "image"], ["delete_image", "wagtailimages", "image"]]}}, {"model": "auth.group", "pk": 2, "fields": {"name": "Editors", "permissions": [["access_admin", "wagtailadmin", "admin"], ["add_document", "wagtaildocs", "document"], ["change_document", "wagtaildocs", "document"], ["delete_document", "wagtaildocs", "document"], ["add_image", "wagtailimages", "image"], ["change_image", "wagtailimages", "image"], ["delete_image", "wagtailimages", "image"]]}}, {"model": "auth.user", "pk": 1, "fields": {"password": "pbkdf2_sha256$36000$G9y8vIKadMtl$AvHmqg3qZ7UT67SM9Ds1CFyNiJ3oY6Jr6bayVTsSb6w=", "last_login": "2018-06-07T13:48:52.657Z", "is_superuser": true, "username": "noel", "first_name": "", "last_name": "", "email": "jwnwilson@hotmail.co.uk", "is_staff": true, "is_active": true, "date_joined": "2018-06-07T13:48:39.788Z", "groups": [], "user_permissions": []}}, {"model": "cms.modulepage", "pk": 3, "fields": {"header": 1, "footer": 1}}, {"model": "cms.modulepage", "pk": 4, "fields": {"header": 1, "footer": null}}, {"model": "cms.modulepage", "pk": 5, "fields": {"header": 2, "footer": 1}}, {"model": "cms.modulepage", "pk": 6, "fields": {"header": 2, "footer": 1}}, {"model": "cms.modulepage", "pk": 7, "fields": {"header": 2, "footer": 1}}, {"model": "cms.modulepage", "pk": 8, "fields": {"header": 2, "footer": 1}}, {"model": "cms.modulepage", "pk": 9, "fields": {"header": 2, "footer": 1}}, {"model": "cms.modulepage", "pk": 10, "fields": {"header": 2, "footer": 1}}, {"model": "wagtailcore.groupcollectionpermission", "pk": 1, "fields": {"group": ["Moderators"], "collection": 1, "permission": ["add_image", "wagtailimages", "image"]}}, {"model": "wagtailcore.groupcollectionpermission", "pk": 2, "fields": {"group": ["Editors"], "collection": 1, "permission": ["add_image", "wagtailimages", "image"]}}, {"model": "wagtailcore.groupcollectionpermission", "pk": 3, "fields": {"group": ["Moderators"], "collection": 1, "permission": ["change_image", "wagtailimages", "image"]}}, {"model": "wagtailcore.groupcollectionpermission", "pk": 4, "fields": {"group": ["Editors"], "collection": 1, "permission": ["change_image", "wagtailimages", "image"]}}, {"model": "wagtailcore.groupcollectionpermission", "pk": 5, "fields": {"group": ["Moderators"], "collection": 1, "permission": ["add_document", "wagtaildocs", "document"]}}, {"model": "wagtailcore.groupcollectionpermission", "pk": 6, "fields": {"group": ["Editors"], "collection": 1, "permission": ["add_document", "wagtaildocs", "document"]}}, {"model": "wagtailcore.groupcollectionpermission", "pk": 7, "fields": {"group": ["Moderators"], "collection": 1, "permission": ["change_document", "wagtaildocs", "document"]}}, {"model": "wagtailcore.groupcollectionpermission", "pk": 8, "fields": {"group": ["Editors"], "collection": 1, "permission": ["change_document", "wagtaildocs", "document"]}}, {"model": "wagtailcore.grouppagepermission", "pk": 1, "fields": {"group": ["Moderators"], "page": 1, "permission_type": "add"}}, {"model": "wagtailcore.grouppagepermission", "pk": 2, "fields": {"group": ["Moderators"], "page": 1, "permission_type": "edit"}}, {"model": "wagtailcore.grouppagepermission", "pk": 3, "fields": {"group": ["Moderators"], "page": 1, "permission_type": "publish"}}, {"model": "wagtailcore.grouppagepermission", "pk": 4, "fields": {"group": ["Editors"], "page": 1, "permission_type": "add"}}, {"model": "wagtailcore.grouppagepermission", "pk": 5, "fields": {"group": ["Editors"], "page": 1, "permission_type": "edit"}}, {"model": "wagtailcore.grouppagepermission", "pk": 6, "fields": {"group": ["Moderators"], "page": 1, "permission_type": "lock"}}, {"model": "wagtailcore.pagerevision", "pk": 1, "fields": {"page": 3, "submitted_for_moderation": false, "created_at": "2018-06-07T14:06:27.048Z", "user": ["noel"], "content_json": "{\"pk\": 3, \"path\": \"00010002\", \"depth\": 2, \"numchild\": 0, \"title\": \"Home\", \"draft_title\": \"Home\", \"slug\": \"home2\", \"content_type\": 31, \"live\": false, \"has_unpublished_changes\": false, \"url_path\": \"/home2/\", \"owner\": 1, \"seo_title\": \"Noel Wilson - Full Stack Developer\", \"show_in_menus\": false, \"search_description\": \"\", \"go_live_at\": null, \"expire_at\": null, \"expired\": false, \"locked\": false, \"first_published_at\": null, \"last_published_at\": null, \"latest_revision_created_at\": null, \"live_revision\": null, \"header\": 1, \"footer\": null, \"modules\": [{\"pk\": 1, \"sort_order\": 0, \"page\": 3, \"name\": \"Intro\", \"module\": 1}]}", "approved_go_live_at": null}}, {"model": "wagtailcore.pagerevision", "pk": 2, "fields": {"page": 3, "submitted_for_moderation": false, "created_at": "2018-06-07T14:06:42.228Z", "user": ["noel"], "content_json": "{\"pk\": 3, \"path\": \"00010002\", \"depth\": 2, \"numchild\": 0, \"title\": \"Home\", \"draft_title\": \"Home\", \"slug\": \"home\", \"content_type\": 31, \"live\": false, \"has_unpublished_changes\": true, \"url_path\": \"/home2/\", \"owner\": 1, \"seo_title\": \"Noel Wilson - Full Stack Developer\", \"show_in_menus\": false, \"search_description\": \"\", \"go_live_at\": null, \"expire_at\": null, \"expired\": false, \"locked\": false, \"first_published_at\": null, \"last_published_at\": null, \"latest_revision_created_at\": \"2018-06-07T14:06:27.048Z\", \"live_revision\": null, \"header\": 1, \"footer\": null, \"modules\": [{\"pk\": 1, \"sort_order\": 0, \"page\": null, \"name\": \"Intro\", \"module\": 1}]}", "approved_go_live_at": null}}, {"model": "wagtailcore.pagerevision", "pk": 3, "fields": {"page": 4, "submitted_for_moderation": false, "created_at": "2018-06-07T14:20:37.043Z", "user": ["noel"], "content_json": "{\"pk\": 4, \"path\": \"000100020001\", \"depth\": 3, \"numchild\": 0, \"title\": \"web dev\", \"draft_title\": \"web dev\", \"slug\": \"web-dev\", \"content_type\": 31, \"live\": true, \"has_unpublished_changes\": false, \"url_path\": \"/home/web-dev/\", \"owner\": 1, \"seo_title\": \"Noel Wilson - Full Stack Developer\", \"show_in_menus\": false, \"search_description\": \"\", \"go_live_at\": null, \"expire_at\": null, \"expired\": false, \"locked\": false, \"first_published_at\": null, \"last_published_at\": null, \"latest_revision_created_at\": null, \"live_revision\": null, \"header\": 1, \"footer\": null, \"modules\": [{\"pk\": 2, \"sort_order\": 0, \"page\": 4, \"name\": \"Intro\", \"module\": 1}]}", "approved_go_live_at": null}}, {"model": "wagtailcore.pagerevision", "pk": 4, "fields": {"page": 3, "submitted_for_moderation": false, "created_at": "2018-06-07T17:15:54.886Z", "user": ["noel"], "content_json": "{\"pk\": 3, \"path\": \"00010002\", \"depth\": 2, \"numchild\": 1, \"title\": \"Home\", \"draft_title\": \"Home\", \"slug\": \"home\", \"content_type\": 31, \"live\": true, \"has_unpublished_changes\": false, \"url_path\": \"/home/\", \"owner\": 1, \"seo_title\": \"Noel Wilson - Full Stack Developer\", \"show_in_menus\": false, \"search_description\": \"\", \"go_live_at\": null, \"expire_at\": null, \"expired\": false, \"locked\": false, \"first_published_at\": \"2018-06-07T14:06:42.285Z\", \"last_published_at\": \"2018-06-07T14:06:42.285Z\", \"latest_revision_created_at\": \"2018-06-07T14:06:42.228Z\", \"live_revision\": 2, \"header\": 1, \"footer\": null, \"modules\": [{\"pk\": 1, \"sort_order\": 0, \"page\": 3, \"name\": \"Intro\", \"module\": 1}, {\"pk\": null, \"sort_order\": 1, \"page\": 3, \"name\": \"Portfolio\", \"module\": 2}]}", "approved_go_live_at": null}}, {"model": "wagtailcore.pagerevision", "pk": 5, "fields": {"page": 5, "submitted_for_moderation": false, "created_at": "2018-06-10T14:22:57.462Z", "user": ["noel"], "content_json": "{\"pk\": 5, \"path\": \"000100020002\", \"depth\": 3, \"numchild\": 0, \"title\": \"Safari Mixer\", \"draft_title\": \"Safari Mixer\", \"slug\": \"safari-mixer\", \"content_type\": 31, \"live\": false, \"has_unpublished_changes\": false, \"url_path\": \"/home/safari-mixer/\", \"owner\": 1, \"seo_title\": \"\", \"show_in_menus\": false, \"search_description\": \"\", \"go_live_at\": null, \"expire_at\": null, \"expired\": false, \"locked\": false, \"first_published_at\": null, \"last_published_at\": null, \"latest_revision_created_at\": null, \"live_revision\": null, \"header\": 1, \"footer\": null, \"modules\": []}", "approved_go_live_at": null}}, {"model": "wagtailcore.pagerevision", "pk": 6, "fields": {"page": 5, "submitted_for_moderation": false, "created_at": "2018-06-10T14:23:28.220Z", "user": ["noel"], "content_json": "{\"pk\": 5, \"path\": \"000100020002\", \"depth\": 3, \"numchild\": 0, \"title\": \"Safari Mixer\", \"draft_title\": \"Safari Mixer\", \"slug\": \"safari-mixer\", \"content_type\": 31, \"live\": false, \"has_unpublished_changes\": true, \"url_path\": \"/home/safari-mixer/\", \"owner\": 1, \"seo_title\": \"\", \"show_in_menus\": false, \"search_description\": \"\", \"go_live_at\": null, \"expire_at\": null, \"expired\": false, \"locked\": false, \"first_published_at\": null, \"last_published_at\": null, \"latest_revision_created_at\": \"2018-06-10T14:22:57.462Z\", \"live_revision\": null, \"header\": 1, \"footer\": null, \"modules\": []}", "approved_go_live_at": null}}, {"model": "wagtailcore.pagerevision", "pk": 7, "fields": {"page": 3, "submitted_for_moderation": false, "created_at": "2018-06-10T22:46:47.752Z", "user": ["noel"], "content_json": "{\"pk\": 3, \"path\": \"00010002\", \"depth\": 2, \"numchild\": 2, \"title\": \"Home\", \"draft_title\": \"Home\", \"slug\": \"home\", \"content_type\": 31, \"live\": true, \"has_unpublished_changes\": false, \"url_path\": \"/home/\", \"owner\": 1, \"seo_title\": \"Noel Wilson - Full Stack Developer\", \"show_in_menus\": false, \"search_description\": \"\", \"go_live_at\": null, \"expire_at\": null, \"expired\": false, \"locked\": false, \"first_published_at\": \"2018-06-07T14:06:42.285Z\", \"last_published_at\": \"2018-06-07T17:15:54.958Z\", \"latest_revision_created_at\": \"2018-06-07T17:15:54.886Z\", \"live_revision\": 4, \"header\": 1, \"footer\": 1, \"modules\": [{\"pk\": 1, \"sort_order\": 0, \"page\": 3, \"name\": \"Intro\", \"module\": 1}, {\"pk\": 3, \"sort_order\": 1, \"page\": 3, \"name\": \"Portfolio\", \"module\": 2}]}", "approved_go_live_at": null}}, {"model": "wagtailcore.pagerevision", "pk": 8, "fields": {"page": 5, "submitted_for_moderation": false, "created_at": "2018-06-10T22:46:58.938Z", "user": ["noel"], "content_json": "{\"pk\": 5, \"path\": \"000100020002\", \"depth\": 3, \"numchild\": 0, \"title\": \"Safari Mixer\", \"draft_title\": \"Safari Mixer\", \"slug\": \"safari-mixer\", \"content_type\": 31, \"live\": true, \"has_unpublished_changes\": false, \"url_path\": \"/home/safari-mixer/\", \"owner\": 1, \"seo_title\": \"\", \"show_in_menus\": false, \"search_description\": \"\", \"go_live_at\": null, \"expire_at\": null, \"expired\": false, \"locked\": false, \"first_published_at\": \"2018-06-10T14:23:28.281Z\", \"last_published_at\": \"2018-06-10T14:23:28.281Z\", \"latest_revision_created_at\": \"2018-06-10T14:23:28.220Z\", \"live_revision\": 6, \"header\": 1, \"footer\": 1, \"modules\": []}", "approved_go_live_at": null}}, {"model": "wagtailcore.pagerevision", "pk": 40, "fields": {"page": 3, "submitted_for_moderation": false, "created_at": "2018-06-11T08:34:08.501Z", "user": ["noel"], "content_json": "{\"pk\": 3, \"path\": \"00010002\", \"depth\": 2, \"numchild\": 2, \"title\": \"Home\", \"draft_title\": \"Home\", \"slug\": \"home\", \"content_type\": 31, \"live\": true, \"has_unpublished_changes\": false, \"url_path\": \"/home/\", \"owner\": 1, \"seo_title\": \"Noel Wilson - Full Stack Developer\", \"show_in_menus\": false, \"search_description\": \"\", \"go_live_at\": null, \"expire_at\": null, \"expired\": false, \"locked\": false, \"first_published_at\": \"2018-06-07T14:06:42.285Z\", \"last_published_at\": \"2018-06-10T22:46:47.820Z\", \"latest_revision_created_at\": \"2018-06-10T22:46:47.752Z\", \"live_revision\": 7, \"header\": 1, \"footer\": 1, \"modules\": [{\"pk\": 1, \"sort_order\": 0, \"page\": 3, \"name\": \"Intro\", \"module\": 1}, {\"pk\": 3, \"sort_order\": 1, \"page\": 3, \"name\": \"Portfolio\", \"module\": 2}, {\"pk\": null, \"sort_order\": 2, \"page\": 3, \"name\": \"About Me\", \"module\": 3}, {\"pk\": null, \"sort_order\": 3, \"page\": 3, \"name\": \"Contact Me\", \"module\": 4}]}", "approved_go_live_at": null}}, {"model": "wagtailcore.pagerevision", "pk": 41, "fields": {"page": 3, "submitted_for_moderation": false, "created_at": "2018-06-11T08:34:11.595Z", "user": ["noel"], "content_json": "{\"pk\": 3, \"path\": \"00010002\", \"depth\": 2, \"numchild\": 2, \"title\": \"Home\", \"draft_title\": \"Home\", \"slug\": \"home\", \"content_type\": 31, \"live\": true, \"has_unpublished_changes\": true, \"url_path\": \"/home/\", \"owner\": 1, \"seo_title\": \"Noel Wilson - Full Stack Developer\", \"show_in_menus\": false, \"search_description\": \"\", \"go_live_at\": null, \"expire_at\": null, \"expired\": false, \"locked\": false, \"first_published_at\": \"2018-06-07T14:06:42.285Z\", \"last_published_at\": \"2018-06-10T22:46:47.820Z\", \"latest_revision_created_at\": \"2018-06-11T08:34:08.501Z\", \"live_revision\": 7, \"header\": 1, \"footer\": 1, \"modules\": [{\"pk\": 1, \"sort_order\": 0, \"page\": null, \"name\": \"Intro\", \"module\": 1}, {\"pk\": 3, \"sort_order\": 1, \"page\": null, \"name\": \"Portfolio\", \"module\": 2}, {\"pk\": null, \"sort_order\": 2, \"page\": 3, \"name\": \"About Me\", \"module\": 3}, {\"pk\": null, \"sort_order\": 3, \"page\": 3, \"name\": \"Contact Me\", \"module\": 4}]}", "approved_go_live_at": null}}, {"model": "wagtailcore.pagerevision", "pk": 42, "fields": {"page": 5, "submitted_for_moderation": false, "created_at": "2018-06-11T22:39:16.640Z", "user": ["noel"], "content_json": "{\"pk\": 5, \"path\": \"000100020002\", \"depth\": 3, \"numchild\": 0, \"title\": \"Safari Mixer\", \"draft_title\": \"Safari Mixer\", \"slug\": \"safari-mixer\", \"content_type\": 31, \"live\": true, \"has_unpublished_changes\": false, \"url_path\": \"/home/safari-mixer/\", \"owner\": 1, \"seo_title\": \"\", \"show_in_menus\": false, \"search_description\": \"\", \"go_live_at\": null, \"expire_at\": null, \"expired\": false, \"locked\": false, \"first_published_at\": \"2018-06-10T14:23:28.281Z\", \"last_published_at\": \"2018-06-10T22:46:58.996Z\", \"latest_revision_created_at\": \"2018-06-10T22:46:58.938Z\", \"live_revision\": 8, \"header\": 1, \"footer\": 1, \"modules\": [{\"pk\": null, \"sort_order\": 0, \"page\": 5, \"name\": \"Safari Mixer\", \"module\": 5}]}", "approved_go_live_at": null}}, {"model": "wagtailcore.pagerevision", "pk": 75, "fields": {"page": 5, "submitted_for_moderation": false, "created_at": "2018-06-12T10:11:56.145Z", "user": ["noel"], "content_json": "{\"pk\": 5, \"path\": \"000100020002\", \"depth\": 3, \"numchild\": 0, \"title\": \"Safari Mixer\", \"draft_title\": \"Safari Mixer\", \"slug\": \"safari-mixer\", \"content_type\": 31, \"live\": true, \"has_unpublished_changes\": false, \"url_path\": \"/home/safari-mixer/\", \"owner\": 1, \"seo_title\": \"\", \"show_in_menus\": false, \"search_description\": \"\", \"go_live_at\": null, \"expire_at\": null, \"expired\": false, \"locked\": false, \"first_published_at\": \"2018-06-10T14:23:28.281Z\", \"last_published_at\": \"2018-06-11T22:39:16.705Z\", \"latest_revision_created_at\": \"2018-06-11T22:39:16.640Z\", \"live_revision\": 42, \"header\": 2, \"footer\": 1, \"modules\": [{\"pk\": 6, \"sort_order\": 0, \"page\": 5, \"name\": \"Safari Mixer\", \"module\": 5}]}", "approved_go_live_at": null}}, {"model": "wagtailcore.pagerevision", "pk": 76, "fields": {"page": 6, "submitted_for_moderation": false, "created_at": "2018-06-12T22:25:00.394Z", "user": ["noel"], "content_json": "{\"pk\": 6, \"path\": \"000100020003\", \"depth\": 3, \"numchild\": 0, \"title\": \"Digital Garage\", \"draft_title\": \"Digital Garage\", \"slug\": \"digital-garage\", \"content_type\": 31, \"live\": false, \"has_unpublished_changes\": false, \"url_path\": \"/home/digital-garage/\", \"owner\": 1, \"seo_title\": \"\", \"show_in_menus\": false, \"search_description\": \"\", \"go_live_at\": null, \"expire_at\": null, \"expired\": false, \"locked\": false, \"first_published_at\": null, \"last_published_at\": null, \"latest_revision_created_at\": null, \"live_revision\": null, \"header\": null, \"footer\": 1, \"modules\": [{\"pk\": 39, \"sort_order\": 0, \"page\": 6, \"name\": \"Digital Garage\", \"module\": null}]}", "approved_go_live_at": null}}, {"model": "wagtailcore.pagerevision", "pk": 77, "fields": {"page": 6, "submitted_for_moderation": false, "created_at": "2018-06-12T22:27:32.720Z", "user": ["noel"], "content_json": "{\"pk\": 6, \"path\": \"000100020003\", \"depth\": 3, \"numchild\": 0, \"title\": \"Digital Garage\", \"draft_title\": \"Digital Garage\", \"slug\": \"digital-garage\", \"content_type\": 31, \"live\": false, \"has_unpublished_changes\": true, \"url_path\": \"/home/digital-garage/\", \"owner\": 1, \"seo_title\": \"\", \"show_in_menus\": false, \"search_description\": \"\", \"go_live_at\": null, \"expire_at\": null, \"expired\": false, \"locked\": false, \"first_published_at\": null, \"last_published_at\": null, \"latest_revision_created_at\": \"2018-06-12T22:25:00.394Z\", \"live_revision\": null, \"header\": 1, \"footer\": 1, \"modules\": [{\"pk\": 39, \"sort_order\": 0, \"page\": 6, \"name\": \"Digital Garage\", \"module\": 38}]}", "approved_go_live_at": null}}, {"model": "wagtailcore.pagerevision", "pk": 78, "fields": {"page": 6, "submitted_for_moderation": false, "created_at": "2018-06-12T22:27:36.286Z", "user": ["noel"], "content_json": "{\"pk\": 6, \"path\": \"000100020003\", \"depth\": 3, \"numchild\": 0, \"title\": \"Digital Garage\", \"draft_title\": \"Digital Garage\", \"slug\": \"digital-garage\", \"content_type\": 31, \"live\": false, \"has_unpublished_changes\": true, \"url_path\": \"/home/digital-garage/\", \"owner\": 1, \"seo_title\": \"\", \"show_in_menus\": false, \"search_description\": \"\", \"go_live_at\": null, \"expire_at\": null, \"expired\": false, \"locked\": false, \"first_published_at\": null, \"last_published_at\": null, \"latest_revision_created_at\": \"2018-06-12T22:27:32.720Z\", \"live_revision\": null, \"header\": 1, \"footer\": 1, \"modules\": [{\"pk\": 39, \"sort_order\": 0, \"page\": null, \"name\": \"Digital Garage\", \"module\": 38}]}", "approved_go_live_at": null}}, {"model": "wagtailcore.pagerevision", "pk": 79, "fields": {"page": 6, "submitted_for_moderation": false, "created_at": "2018-06-14T11:32:31.689Z", "user": ["noel"], "content_json": "{\"pk\": 6, \"path\": \"000100020003\", \"depth\": 3, \"numchild\": 0, \"title\": \"Digital Garage\", \"draft_title\": \"Digital Garage\", \"slug\": \"digital-garage\", \"content_type\": 31, \"live\": true, \"has_unpublished_changes\": false, \"url_path\": \"/home/digital-garage/\", \"owner\": 1, \"seo_title\": \"\", \"show_in_menus\": false, \"search_description\": \"\", \"go_live_at\": null, \"expire_at\": null, \"expired\": false, \"locked\": false, \"first_published_at\": \"2018-06-12T22:27:36.355Z\", \"last_published_at\": \"2018-06-12T22:27:36.355Z\", \"latest_revision_created_at\": \"2018-06-12T22:27:36.286Z\", \"live_revision\": 78, \"header\": 2, \"footer\": 1, \"modules\": [{\"pk\": 39, \"sort_order\": 0, \"page\": 6, \"name\": \"Digital Garage\", \"module\": 38}]}", "approved_go_live_at": null}}, {"model": "wagtailcore.pagerevision", "pk": 80, "fields": {"page": 6, "submitted_for_moderation": false, "created_at": "2018-06-14T11:32:42.764Z", "user": ["noel"], "content_json": "{\"pk\": 6, \"path\": \"000100020003\", \"depth\": 3, \"numchild\": 0, \"title\": \"Digital Garage\", \"draft_title\": \"Digital Garage\", \"slug\": \"digital-garage\", \"content_type\": 31, \"live\": true, \"has_unpublished_changes\": true, \"url_path\": \"/home/digital-garage/\", \"owner\": 1, \"seo_title\": \"\", \"show_in_menus\": false, \"search_description\": \"\", \"go_live_at\": null, \"expire_at\": null, \"expired\": false, \"locked\": false, \"first_published_at\": \"2018-06-12T22:27:36.355Z\", \"last_published_at\": \"2018-06-12T22:27:36.355Z\", \"latest_revision_created_at\": \"2018-06-14T11:32:31.689Z\", \"live_revision\": 78, \"header\": 1, \"footer\": 1, \"modules\": [{\"pk\": 39, \"sort_order\": 0, \"page\": null, \"name\": \"Digital Garage\", \"module\": 38}]}", "approved_go_live_at": null}}, {"model": "wagtailcore.pagerevision", "pk": 81, "fields": {"page": 6, "submitted_for_moderation": false, "created_at": "2018-06-14T11:32:45.303Z", "user": ["noel"], "content_json": "{\"pk\": 6, \"path\": \"000100020003\", \"depth\": 3, \"numchild\": 0, \"title\": \"Digital Garage\", \"draft_title\": \"Digital Garage\", \"slug\": \"digital-garage\", \"content_type\": 31, \"live\": true, \"has_unpublished_changes\": true, \"url_path\": \"/home/digital-garage/\", \"owner\": 1, \"seo_title\": \"\", \"show_in_menus\": false, \"search_description\": \"\", \"go_live_at\": null, \"expire_at\": null, \"expired\": false, \"locked\": false, \"first_published_at\": \"2018-06-12T22:27:36.355Z\", \"last_published_at\": \"2018-06-12T22:27:36.355Z\", \"latest_revision_created_at\": \"2018-06-14T11:32:42.764Z\", \"live_revision\": 78, \"header\": 1, \"footer\": 1, \"modules\": [{\"pk\": 39, \"sort_order\": 0, \"page\": null, \"name\": \"Digital Garage\", \"module\": 38}]}", "approved_go_live_at": null}}, {"model": "wagtailcore.pagerevision", "pk": 82, "fields": {"page": 6, "submitted_for_moderation": false, "created_at": "2018-06-14T11:32:58.628Z", "user": ["noel"], "content_json": "{\"pk\": 6, \"path\": \"000100020003\", \"depth\": 3, \"numchild\": 0, \"title\": \"Digital Garage\", \"draft_title\": \"Digital Garage\", \"slug\": \"digital-garage\", \"content_type\": 31, \"live\": true, \"has_unpublished_changes\": false, \"url_path\": \"/home/digital-garage/\", \"owner\": 1, \"seo_title\": \"\", \"show_in_menus\": false, \"search_description\": \"\", \"go_live_at\": null, \"expire_at\": null, \"expired\": false, \"locked\": false, \"first_published_at\": \"2018-06-12T22:27:36.355Z\", \"last_published_at\": \"2018-06-14T11:32:45.368Z\", \"latest_revision_created_at\": \"2018-06-14T11:32:45.303Z\", \"live_revision\": 81, \"header\": 2, \"footer\": 1, \"modules\": [{\"pk\": 39, \"sort_order\": 0, \"page\": 6, \"name\": \"Digital Garage\", \"module\": 38}]}", "approved_go_live_at": null}}, {"model": "wagtailcore.pagerevision", "pk": 83, "fields": {"page": 7, "submitted_for_moderation": false, "created_at": "2018-06-15T08:53:49.311Z", "user": ["noel"], "content_json": "{\"pk\": 7, \"path\": \"000100020004\", \"depth\": 3, \"numchild\": 0, \"title\": \"Olympic Channel\", \"draft_title\": \"Olympic Channel\", \"slug\": \"olympic-channel\", \"content_type\": 31, \"live\": false, \"has_unpublished_changes\": false, \"url_path\": \"/home/olympic-channel/\", \"owner\": 1, \"seo_title\": \"\", \"show_in_menus\": false, \"search_description\": \"\", \"go_live_at\": null, \"expire_at\": null, \"expired\": false, \"locked\": false, \"first_published_at\": null, \"last_published_at\": null, \"latest_revision_created_at\": null, \"live_revision\": null, \"header\": 2, \"footer\": 1, \"modules\": []}", "approved_go_live_at": null}}, {"model": "wagtailcore.pagerevision", "pk": 84, "fields": {"page": 7, "submitted_for_moderation": false, "created_at": "2018-06-15T08:55:59.913Z", "user": ["noel"], "content_json": "{\"pk\": 7, \"path\": \"000100020004\", \"depth\": 3, \"numchild\": 0, \"title\": \"Olympic Channel\", \"draft_title\": \"Olympic Channel\", \"slug\": \"olympic-channel\", \"content_type\": 31, \"live\": false, \"has_unpublished_changes\": true, \"url_path\": \"/home/olympic-channel/\", \"owner\": 1, \"seo_title\": \"\", \"show_in_menus\": false, \"search_description\": \"\", \"go_live_at\": null, \"expire_at\": null, \"expired\": false, \"locked\": false, \"first_published_at\": null, \"last_published_at\": null, \"latest_revision_created_at\": \"2018-06-15T08:53:49.311Z\", \"live_revision\": null, \"header\": 2, \"footer\": 1, \"modules\": [{\"pk\": null, \"sort_order\": 0, \"page\": 7, \"name\": \"Olympic Channel\", \"module\": 39}]}", "approved_go_live_at": null}}, {"model": "wagtailcore.pagerevision", "pk": 85, "fields": {"page": 8, "submitted_for_moderation": false, "created_at": "2018-06-15T19:16:38.353Z", "user": ["noel"], "content_json": "{\"pk\": 8, \"path\": \"000100020005\", \"depth\": 3, \"numchild\": 0, \"title\": \"Kill the Marvel universe\", \"draft_title\": \"Kill the Marvel universe\", \"slug\": \"kill-marvel-universe\", \"content_type\": 31, \"live\": true, \"has_unpublished_changes\": false, \"url_path\": \"/home/kill-marvel-universe/\", \"owner\": 1, \"seo_title\": \"\", \"show_in_menus\": false, \"search_description\": \"\", \"go_live_at\": null, \"expire_at\": null, \"expired\": false, \"locked\": false, \"first_published_at\": null, \"last_published_at\": null, \"latest_revision_created_at\": null, \"live_revision\": null, \"header\": 2, \"footer\": 1, \"modules\": [{\"pk\": 41, \"sort_order\": 0, \"page\": 8, \"name\": \"Kill the Marvel universe\", \"module\": 41}]}", "approved_go_live_at": null}}, {"model": "wagtailcore.pagerevision", "pk": 86, "fields": {"page": 9, "submitted_for_moderation": false, "created_at": "2018-06-15T19:21:05.592Z", "user": ["noel"], "content_json": "{\"pk\": 9, \"path\": \"000100020006\", \"depth\": 3, \"numchild\": 0, \"title\": \"Real Time Chat\", \"draft_title\": \"Real Time Chat\", \"slug\": \"real-time-chat\", \"content_type\": 31, \"live\": true, \"has_unpublished_changes\": false, \"url_path\": \"/home/real-time-chat/\", \"owner\": 1, \"seo_title\": \"\", \"show_in_menus\": false, \"search_description\": \"\", \"go_live_at\": null, \"expire_at\": null, \"expired\": false, \"locked\": false, \"first_published_at\": null, \"last_published_at\": null, \"latest_revision_created_at\": null, \"live_revision\": null, \"header\": 2, \"footer\": 1, \"modules\": [{\"pk\": 42, \"sort_order\": 0, \"page\": 9, \"name\": \"Real Time Chat\", \"module\": 42}]}", "approved_go_live_at": null}}, {"model": "wagtailcore.pagerevision", "pk": 87, "fields": {"page": 10, "submitted_for_moderation": false, "created_at": "2018-06-15T19:47:58.727Z", "user": ["noel"], "content_json": "{\"pk\": 10, \"path\": \"000100020007\", \"depth\": 3, \"numchild\": 0, \"title\": \"VFX - Rigging\", \"draft_title\": \"VFX - Rigging\", \"slug\": \"vfx-rigging\", \"content_type\": 31, \"live\": false, \"has_unpublished_changes\": false, \"url_path\": \"/home/vfx-rigging/\", \"owner\": 1, \"seo_title\": \"\", \"show_in_menus\": false, \"search_description\": \"\", \"go_live_at\": null, \"expire_at\": null, \"expired\": false, \"locked\": false, \"first_published_at\": null, \"last_published_at\": null, \"latest_revision_created_at\": null, \"live_revision\": null, \"header\": 2, \"footer\": 1, \"modules\": []}", "approved_go_live_at": null}}, {"model": "wagtailcore.pagerevision", "pk": 88, "fields": {"page": 10, "submitted_for_moderation": false, "created_at": "2018-06-16T09:26:45.083Z", "user": ["noel"], "content_json": "{\"pk\": 10, \"path\": \"000100020007\", \"depth\": 3, \"numchild\": 0, \"title\": \"VFX - Rigging\", \"draft_title\": \"VFX - Rigging\", \"slug\": \"vfx-rigging\", \"content_type\": 31, \"live\": false, \"has_unpublished_changes\": true, \"url_path\": \"/home/vfx-rigging/\", \"owner\": 1, \"seo_title\": \"\", \"show_in_menus\": false, \"search_description\": \"\", \"go_live_at\": null, \"expire_at\": null, \"expired\": false, \"locked\": false, \"first_published_at\": null, \"last_published_at\": null, \"latest_revision_created_at\": \"2018-06-15T19:47:58.727Z\", \"live_revision\": null, \"header\": 2, \"footer\": 1, \"modules\": []}", "approved_go_live_at": null}}, {"model": "wagtailcore.pagerevision", "pk": 89, "fields": {"page": 10, "submitted_for_moderation": false, "created_at": "2018-06-16T09:27:21.535Z", "user": ["noel"], "content_json": "{\"pk\": 10, \"path\": \"000100020007\", \"depth\": 3, \"numchild\": 0, \"title\": \"VFX - Rigging\", \"draft_title\": \"VFX - Rigging\", \"slug\": \"vfx-rigging\", \"content_type\": 31, \"live\": true, \"has_unpublished_changes\": false, \"url_path\": \"/home/vfx-rigging/\", \"owner\": 1, \"seo_title\": \"\", \"show_in_menus\": false, \"search_description\": \"\", \"go_live_at\": null, \"expire_at\": null, \"expired\": false, \"locked\": false, \"first_published_at\": \"2018-06-16T09:26:45.144Z\", \"last_published_at\": \"2018-06-16T09:26:45.144Z\", \"latest_revision_created_at\": \"2018-06-16T09:26:45.083Z\", \"live_revision\": 88, \"header\": 2, \"footer\": 1, \"modules\": [{\"pk\": null, \"sort_order\": 0, \"page\": 10, \"name\": \"VFX\", \"module\": 44}]}", "approved_go_live_at": null}}, {"model": "wagtailcore.page", "pk": 1, "fields": {"path": "0001", "depth": 1, "numchild": 1, "title": "Root", "draft_title": "Root", "slug": "root", "content_type": ["wagtailcore", "page"], "live": true, "has_unpublished_changes": false, "url_path": "/", "owner": null, "seo_title": "", "show_in_menus": false, "search_description": "", "go_live_at": null, "expire_at": null, "expired": false, "locked": false, "first_published_at": null, "last_published_at": null, "latest_revision_created_at": null, "live_revision": null}}, {"model": "wagtailcore.page", "pk": 3, "fields": {"path": "00010002", "depth": 2, "numchild": 7, "title": "Home", "draft_title": "Home", "slug": "home", "content_type": ["cms", "modulepage"], "live": true, "has_unpublished_changes": false, "url_path": "/home/", "owner": ["noel"], "seo_title": "Noel Wilson - Full Stack Developer", "show_in_menus": false, "search_description": "", "go_live_at": null, "expire_at": null, "expired": false, "locked": false, "first_published_at": "2018-06-07T14:06:42.285Z", "last_published_at": "2018-06-11T08:34:11.674Z", "latest_revision_created_at": "2018-06-11T08:34:11.595Z", "live_revision": 41}}, {"model": "wagtailcore.page", "pk": 4, "fields": {"path": "000100020001", "depth": 3, "numchild": 0, "title": "web dev", "draft_title": "web dev", "slug": "web-dev", "content_type": ["cms", "modulepage"], "live": true, "has_unpublished_changes": false, "url_path": "/home/web-dev/", "owner": ["noel"], "seo_title": "Noel Wilson - Full Stack Developer", "show_in_menus": false, "search_description": "", "go_live_at": null, "expire_at": null, "expired": false, "locked": false, "first_published_at": "2018-06-07T14:20:37.103Z", "last_published_at": "2018-06-07T14:20:37.103Z", "latest_revision_created_at": "2018-06-07T14:20:37.043Z", "live_revision": 3}}, {"model": "wagtailcore.page", "pk": 5, "fields": {"path": "000100020002", "depth": 3, "numchild": 0, "title": "Safari Mixer", "draft_title": "Safari Mixer", "slug": "safari-mixer", "content_type": ["cms", "modulepage"], "live": true, "has_unpublished_changes": false, "url_path": "/home/safari-mixer/", "owner": ["noel"], "seo_title": "", "show_in_menus": false, "search_description": "", "go_live_at": null, "expire_at": null, "expired": false, "locked": false, "first_published_at": "2018-06-10T14:23:28.281Z", "last_published_at": "2018-06-12T10:11:56.223Z", "latest_revision_created_at": "2018-06-12T10:11:56.145Z", "live_revision": 75}}, {"model": "wagtailcore.page", "pk": 6, "fields": {"path": "000100020003", "depth": 3, "numchild": 0, "title": "Digital Garage", "draft_title": "Digital Garage", "slug": "digital-garage", "content_type": ["cms", "modulepage"], "live": true, "has_unpublished_changes": false, "url_path": "/home/digital-garage/", "owner": ["noel"], "seo_title": "", "show_in_menus": false, "search_description": "", "go_live_at": null, "expire_at": null, "expired": false, "locked": false, "first_published_at": "2018-06-12T22:27:36.355Z", "last_published_at": "2018-06-14T11:32:58.696Z", "latest_revision_created_at": "2018-06-14T11:32:58.628Z", "live_revision": 82}}, {"model": "wagtailcore.page", "pk": 7, "fields": {"path": "000100020004", "depth": 3, "numchild": 0, "title": "Olympic Channel", "draft_title": "Olympic Channel", "slug": "olympic-channel", "content_type": ["cms", "modulepage"], "live": true, "has_unpublished_changes": false, "url_path": "/home/olympic-channel/", "owner": ["noel"], "seo_title": "", "show_in_menus": false, "search_description": "", "go_live_at": null, "expire_at": null, "expired": false, "locked": false, "first_published_at": "2018-06-15T08:55:59.971Z", "last_published_at": "2018-06-15T08:55:59.971Z", "latest_revision_created_at": "2018-06-15T08:55:59.913Z", "live_revision": 84}}, {"model": "wagtailcore.page", "pk": 8, "fields": {"path": "000100020005", "depth": 3, "numchild": 0, "title": "Kill the Marvel universe", "draft_title": "Kill the Marvel universe", "slug": "kill-marvel-universe", "content_type": ["cms", "modulepage"], "live": true, "has_unpublished_changes": false, "url_path": "/home/kill-marvel-universe/", "owner": ["noel"], "seo_title": "", "show_in_menus": false, "search_description": "", "go_live_at": null, "expire_at": null, "expired": false, "locked": false, "first_published_at": "2018-06-15T19:16:38.413Z", "last_published_at": "2018-06-15T19:16:38.413Z", "latest_revision_created_at": "2018-06-15T19:16:38.353Z", "live_revision": 85}}, {"model": "wagtailcore.page", "pk": 9, "fields": {"path": "000100020006", "depth": 3, "numchild": 0, "title": "Real Time Chat", "draft_title": "Real Time Chat", "slug": "real-time-chat", "content_type": ["cms", "modulepage"], "live": true, "has_unpublished_changes": false, "url_path": "/home/real-time-chat/", "owner": ["noel"], "seo_title": "", "show_in_menus": false, "search_description": "", "go_live_at": null, "expire_at": null, "expired": false, "locked": false, "first_published_at": "2018-06-15T19:21:05.648Z", "last_published_at": "2018-06-15T19:21:05.648Z", "latest_revision_created_at": "2018-06-15T19:21:05.592Z", "live_revision": 86}}, {"model": "wagtailcore.page", "pk": 10, "fields": {"path": "000100020007", "depth": 3, "numchild": 0, "title": "VFX - Rigging", "draft_title": "VFX - Rigging", "slug": "vfx-rigging", "content_type": ["cms", "modulepage"], "live": true, "has_unpublished_changes": false, "url_path": "/home/vfx-rigging/", "owner": ["noel"], "seo_title": "", "show_in_menus": false, "search_description": "", "go_live_at": null, "expire_at": null, "expired": false, "locked": false, "first_published_at": "2018-06-16T09:26:45.144Z", "last_published_at": "2018-06-16T09:27:21.623Z", "latest_revision_created_at": "2018-06-16T09:27:21.535Z", "live_revision": 89}}, {"model": "wagtailimages.image", "pk": 1, "fields": {"collection": 1, "title": "Pumpkins", "file": "original_images/14639794_10157639373930521_5188018804304872271_n_LrbYJHp.jpg", "width": 960, "height": 540, "created_at": "2018-06-07T14:05:45.287Z", "uploaded_by_user": ["noel"], "focal_point_x": null, "focal_point_y": null, "focal_point_width": null, "focal_point_height": null, "file_size": 32030}}, {"model": "wagtailimages.image", "pk": 2, "fields": {"collection": 1, "title": "Profile", "file": "original_images/profile_pic_uQF8aEK.jpg", "width": 280, "height": 280, "created_at": "2018-06-07T17:15:28.270Z", "uploaded_by_user": ["noel"], "focal_point_x": null, "focal_point_y": null, "focal_point_width": null, "focal_point_height": null, "file_size": 23460}}, {"model": "wagtailimages.image", "pk": 3, "fields": {"collection": 1, "title": "Safari Mixer", "file": "original_images/Screen_Shot_2018-06-10_at_14.36.58_1.png", "width": 2880, "height": 1554, "created_at": "2018-06-10T13:37:33.395Z", "uploaded_by_user": ["noel"], "focal_point_x": null, "focal_point_y": null, "focal_point_width": null, "focal_point_height": null, "file_size": 2556468}}, {"model": "wagtailimages.image", "pk": 4, "fields": {"collection": 1, "title": "Stunting Miami", "file": "original_images/32687027_10160311154335521_97798776151867392_n.jpg", "width": 960, "height": 720, "created_at": "2018-06-10T13:54:32.929Z", "uploaded_by_user": ["noel"], "focal_point_x": null, "focal_point_y": null, "focal_point_width": null, "focal_point_height": null, "file_size": 67718}}, {"model": "wagtailimages.image", "pk": 5, "fields": {"collection": 1, "title": "Digital Garage", "file": "original_images/digital_garage.png", "width": 2880, "height": 1564, "created_at": "2018-06-12T22:24:19.386Z", "uploaded_by_user": ["noel"], "focal_point_x": null, "focal_point_y": null, "focal_point_width": null, "focal_point_height": null, "file_size": null}}, {"model": "wagtailimages.image", "pk": 6, "fields": {"collection": 1, "title": "olympic_channel.png", "file": "original_images/olympic_channel.png", "width": 2880, "height": 1562, "created_at": "2018-06-15T08:54:34.590Z", "uploaded_by_user": ["noel"], "focal_point_x": null, "focal_point_y": null, "focal_point_width": null, "focal_point_height": null, "file_size": null}}, {"model": "wagtailimages.image", "pk": 7, "fields": {"collection": 1, "title": "noel_wilson_2017.png", "file": "original_images/noel_wilson_2017.png", "width": 2880, "height": 1562, "created_at": "2018-06-15T19:09:22.663Z", "uploaded_by_user": ["noel"], "focal_point_x": null, "focal_point_y": null, "focal_point_width": null, "focal_point_height": null, "file_size": null}}, {"model": "wagtailimages.image", "pk": 8, "fields": {"collection": 1, "title": "networkx.png", "file": "original_images/networkx.png", "width": 800, "height": 600, "created_at": "2018-06-15T19:13:35.550Z", "uploaded_by_user": ["noel"], "focal_point_x": null, "focal_point_y": null, "focal_point_width": null, "focal_point_height": null, "file_size": null}}, {"model": "wagtailimages.image", "pk": 9, "fields": {"collection": 1, "title": "Real Time Chat", "file": "original_images/real_time_chat.png", "width": 2880, "height": 1464, "created_at": "2018-06-15T19:19:54.557Z", "uploaded_by_user": ["noel"], "focal_point_x": null, "focal_point_y": null, "focal_point_width": null, "focal_point_height": null, "file_size": null}}, {"model": "wagtailimages.image", "pk": 10, "fields": {"collection": 1, "title": "weather_app.png", "file": "original_images/weather_app.png", "width": 2880, "height": 1466, "created_at": "2018-06-15T19:44:56.078Z", "uploaded_by_user": ["noel"], "focal_point_x": null, "focal_point_y": null, "focal_point_width": null, "focal_point_height": null, "file_size": null}}, {"model": "wagtailimages.image", "pk": 11, "fields": {"collection": 1, "title": "Ray Tracer", "file": "original_images/ray_tracer.jpg", "width": 800, "height": 600, "created_at": "2018-06-15T19:46:57.024Z", "uploaded_by_user": ["noel"], "focal_point_x": null, "focal_point_y": null, "focal_point_width": null, "focal_point_height": null, "file_size": null}}, {"model": "wagtailimages.image", "pk": 12, "fields": {"collection": 1, "title": "VFX - Rigging", "file": "original_images/Screen_Shot_2018-06-16_at_00.05.08.png", "width": 2880, "height": 1616, "created_at": "2018-06-15T23:05:42.824Z", "uploaded_by_user": ["noel"], "focal_point_x": null, "focal_point_y": null, "focal_point_width": null, "focal_point_height": null, "file_size": null}}]